[
    {
        "start_step": 0,
        "end_step": 16,
        "start_progress": 0,
        "end_progress": 2.0
    },
    {
        "start_step": 16,
        "end_step": 32,
        "start_progress": 2.0,
        "end_progress": 5.0
    },
    {
        "start_step": 32,
        "end_step": 48,
        "start_progress": 5.0,
        "end_progress": 15.0
    },
    {
        "start_step": 48,
        "end_step": 64,
        "start_progress": 15.0,
        "end_progress": 20.0
    },
    {
        "start_step": 64,
        "end_step": 80,
        "start_progress": 20.0,
        "end_progress": 30.0
    },
    {
        "start_step": 80,
        "end_step": 97,
        "start_progress": 30.0,
        "end_progress": 50.0
    },
    {
        "start_step": 97,
        "end_step": 113,
        "start_progress": 50.0,
        "end_progress": 55.0
    },
    {
        "start_step": 113,
        "end_step": 129,
        "start_progress": 55.0,
        "end_progress": 60.0
    },
    {
        "start_step": 129,
        "end_step": 145,
        "start_progress": 60.0,
        "end_progress": 70.0
    },
    {
        "start_step": 145,
        "end_step": 161,
        "start_progress": 70.0,
        "end_progress": 80.0
    },
    {
        "start_step": 161,
        "end_step": 177,
        "start_progress": 80.0,
        "end_progress": 100.0
    }
]