[
    {
        "start_step": 0,
        "end_step": 22,
        "start_progress": 0,
        "end_progress": 5.0
    },
    {
        "start_step": 22,
        "end_step": 45,
        "start_progress": 5.0,
        "end_progress": 10.0
    },
    {
        "start_step": 45,
        "end_step": 68,
        "start_progress": 10.0,
        "end_progress": 15.0
    },
    {
        "start_step": 68,
        "end_step": 90,
        "start_progress": 15.0,
        "end_progress": 20.0
    },
    {
        "start_step": 90,
        "end_step": 113,
        "start_progress": 20.0,
        "end_progress": 30.0
    },
    {
        "start_step": 113,
        "end_step": 136,
        "start_progress": 30.0,
        "end_progress": 30.0
    },
    {
        "start_step": 136,
        "end_step": 159,
        "start_progress": 30.0,
        "end_progress": 50.0
    },
    {
        "start_step": 159,
        "end_step": 181,
        "start_progress": 50.0,
        "end_progress": 55.0
    },
    {
        "start_step": 181,
        "end_step": 204,
        "start_progress": 55.0,
        "end_progress": 65.0
    },
    {
        "start_step": 204,
        "end_step": 227,
        "start_progress": 65.0,
        "end_progress": 75.0
    },
    {
        "start_step": 227,
        "end_step": 249,
        "start_progress": 75.0,
        "end_progress": 100.0
    }
]