[
    {
        "start_step": 0,
        "end_step": 12,
        "start_progress": 0,
        "end_progress": 5.0
    },
    {
        "start_step": 12,
        "end_step": 25,
        "start_progress": 5.0,
        "end_progress": 8.0
    },
    {
        "start_step": 25,
        "end_step": 38,
        "start_progress": 8.0,
        "end_progress": 15.0
    },
    {
        "start_step": 38,
        "end_step": 51,
        "start_progress": 15.0,
        "end_progress": 20.0
    },
    {
        "start_step": 51,
        "end_step": 64,
        "start_progress": 20.0,
        "end_progress": 20.0
    },
    {
        "start_step": 64,
        "end_step": 76,
        "start_progress": 20.0,
        "end_progress": 50.0
    },
    {
        "start_step": 76,
        "end_step": 89,
        "start_progress": 50.0,
        "end_progress": 60.0
    },
    {
        "start_step": 89,
        "end_step": 102,
        "start_progress": 60.0,
        "end_progress": 70.0
    },
    {
        "start_step": 102,
        "end_step": 115,
        "start_progress": 70.0,
        "end_progress": 80.0
    },
    {
        "start_step": 115,
        "end_step": 128,
        "start_progress": 80.0,
        "end_progress": 90.0
    },
    {
        "start_step": 128,
        "end_step": 140,
        "start_progress": 90.0,
        "end_progress": 100.0
    }
]