[
    {
        "start_step": 0,
        "end_step": 11,
        "start_progress": 0,
        "end_progress": 10.0
    },
    {
        "start_step": 11,
        "end_step": 22,
        "start_progress": 10.0,
        "end_progress": 20.0
    },
    {
        "start_step": 22,
        "end_step": 34,
        "start_progress": 20.0,
        "end_progress": 30.0
    },
    {
        "start_step": 34,
        "end_step": 45,
        "start_progress": 30.0,
        "end_progress": 40.0
    },
    {
        "start_step": 45,
        "end_step": 57,
        "start_progress": 40.0,
        "end_progress": 45.0
    },
    {
        "start_step": 57,
        "end_step": 68,
        "start_progress": 45.0,
        "end_progress": 50.0
    },
    {
        "start_step": 68,
        "end_step": 80,
        "start_progress": 50.0,
        "end_progress": 60.0
    },
    {
        "start_step": 80,
        "end_step": 91,
        "start_progress": 60.0,
        "end_progress": 70.0
    },
    {
        "start_step": 91,
        "end_step": 103,
        "start_progress": 70.0,
        "end_progress": 75.0
    },
    {
        "start_step": 103,
        "end_step": 114,
        "start_progress": 75.0,
        "end_progress": 85.0
    },
    {
        "start_step": 114,
        "end_step": 125,
        "start_progress": 85.0,
        "end_progress": 100.0
    }
]