[
    {
        "start_step": 0,
        "end_step": 13,
        "start_progress": 0,
        "end_progress": 10.0
    },
    {
        "start_step": 13,
        "end_step": 26,
        "start_progress": 10.0,
        "end_progress": 20.0
    },
    {
        "start_step": 26,
        "end_step": 40,
        "start_progress": 20.0,
        "end_progress": 25.0
    },
    {
        "start_step": 40,
        "end_step": 53,
        "start_progress": 25.0,
        "end_progress": 30.0
    },
    {
        "start_step": 53,
        "end_step": 67,
        "start_progress": 30.0,
        "end_progress": 30.0
    },
    {
        "start_step": 67,
        "end_step": 80,
        "start_progress": 30.0,
        "end_progress": 40.0
    },
    {
        "start_step": 80,
        "end_step": 94,
        "start_progress": 40.0,
        "end_progress": 55.0
    },
    {
        "start_step": 94,
        "end_step": 107,
        "start_progress": 55.0,
        "end_progress": 60.0
    },
    {
        "start_step": 107,
        "end_step": 121,
        "start_progress": 60.0,
        "end_progress": 70.0
    },
    {
        "start_step": 121,
        "end_step": 134,
        "start_progress": 70.0,
        "end_progress": 80.0
    },
    {
        "start_step": 134,
        "end_step": 147,
        "start_progress": 80.0,
        "end_progress": 100.0
    }
]