[
    {
        "start_step": 0,
        "end_step": 25,
        "start_progress": 0,
        "end_progress": 3.0
    },
    {
        "start_step": 25,
        "end_step": 50,
        "start_progress": 3.0,
        "end_progress": 10.0
    },
    {
        "start_step": 50,
        "end_step": 76,
        "start_progress": 10.0,
        "end_progress": 20.0
    },
    {
        "start_step": 76,
        "end_step": 101,
        "start_progress": 20.0,
        "end_progress": 20.0
    },
    {
        "start_step": 101,
        "end_step": 126,
        "start_progress": 20.0,
        "end_progress": 35.0
    },
    {
        "start_step": 126,
        "end_step": 152,
        "start_progress": 35.0,
        "end_progress": 55.0
    },
    {
        "start_step": 152,
        "end_step": 177,
        "start_progress": 55.0,
        "end_progress": 60.0
    },
    {
        "start_step": 177,
        "end_step": 202,
        "start_progress": 60.0,
        "end_progress": 70.0
    },
    {
        "start_step": 202,
        "end_step": 228,
        "start_progress": 70.0,
        "end_progress": 80.0
    },
    {
        "start_step": 228,
        "end_step": 253,
        "start_progress": 80.0,
        "end_progress": 90.0
    },
    {
        "start_step": 253,
        "end_step": 278,
        "start_progress": 90.0,
        "end_progress": 100.0
    }
]