[
    {
        "start_step": 0,
        "end_step": 11,
        "start_progress": 0,
        "end_progress": 5.0
    },
    {
        "start_step": 11,
        "end_step": 23,
        "start_progress": 5.0,
        "end_progress": 15.0
    },
    {
        "start_step": 23,
        "end_step": 34,
        "start_progress": 15.0,
        "end_progress": 15.0
    },
    {
        "start_step": 34,
        "end_step": 46,
        "start_progress": 15.0,
        "end_progress": 20.0
    },
    {
        "start_step": 46,
        "end_step": 58,
        "start_progress": 20.0,
        "end_progress": 40.0
    },
    {
        "start_step": 58,
        "end_step": 69,
        "start_progress": 40.0,
        "end_progress": 55.0
    },
    {
        "start_step": 69,
        "end_step": 81,
        "start_progress": 55.0,
        "end_progress": 60.0
    },
    {
        "start_step": 81,
        "end_step": 93,
        "start_progress": 60.0,
        "end_progress": 70.0
    },
    {
        "start_step": 93,
        "end_step": 104,
        "start_progress": 70.0,
        "end_progress": 80.0
    },
    {
        "start_step": 104,
        "end_step": 116,
        "start_progress": 80.0,
        "end_progress": 90.0
    },
    {
        "start_step": 116,
        "end_step": 127,
        "start_progress": 90.0,
        "end_progress": 100.0
    }
]