[
    {
        "start_step": 0,
        "end_step": 9,
        "start_progress": 0,
        "end_progress": 5.0
    },
    {
        "start_step": 9,
        "end_step": 18,
        "start_progress": 5.0,
        "end_progress": 15.0
    },
    {
        "start_step": 18,
        "end_step": 28,
        "start_progress": 15.0,
        "end_progress": 25.0
    },
    {
        "start_step": 28,
        "end_step": 37,
        "start_progress": 25.0,
        "end_progress": 35.0
    },
    {
        "start_step": 37,
        "end_step": 46,
        "start_progress": 35.0,
        "end_progress": 40.0
    },
    {
        "start_step": 46,
        "end_step": 56,
        "start_progress": 40.0,
        "end_progress": 50.0
    },
    {
        "start_step": 56,
        "end_step": 65,
        "start_progress": 50.0,
        "end_progress": 60.0
    },
    {
        "start_step": 65,
        "end_step": 74,
        "start_progress": 60.0,
        "end_progress": 70.0
    },
    {
        "start_step": 74,
        "end_step": 84,
        "start_progress": 70.0,
        "end_progress": 80.0
    },
    {
        "start_step": 84,
        "end_step": 93,
        "start_progress": 80.0,
        "end_progress": 90.0
    },
    {
        "start_step": 93,
        "end_step": 102,
        "start_progress": 90.0,
        "end_progress": 100.0
    }
]