[
    {
        "start_step": 0,
        "end_step": 25,
        "start_progress": 0,
        "end_progress": 10.0
    },
    {
        "start_step": 25,
        "end_step": 51,
        "start_progress": 10.0,
        "end_progress": 15.0
    },
    {
        "start_step": 51,
        "end_step": 77,
        "start_progress": 15.0,
        "end_progress": 18.0
    },
    {
        "start_step": 77,
        "end_step": 103,
        "start_progress": 18.0,
        "end_progress": 20.0
    },
    {
        "start_step": 103,
        "end_step": 129,
        "start_progress": 20.0,
        "end_progress": 25.0
    },
    {
        "start_step": 129,
        "end_step": 154,
        "start_progress": 25.0,
        "end_progress": 30.0
    },
    {
        "start_step": 154,
        "end_step": 180,
        "start_progress": 30.0,
        "end_progress": 50.0
    },
    {
        "start_step": 180,
        "end_step": 206,
        "start_progress": 50.0,
        "end_progress": 60.0
    },
    {
        "start_step": 206,
        "end_step": 232,
        "start_progress": 60.0,
        "end_progress": 70.0
    },
    {
        "start_step": 232,
        "end_step": 258,
        "start_progress": 70.0,
        "end_progress": 80.0
    },
    {
        "start_step": 258,
        "end_step": 283,
        "start_progress": 80.0,
        "end_progress": 90.0
    }
]