[
    {
        "start_step": 0,
        "end_step": 12,
        "start_progress": 0,
        "end_progress": 1.0
    },
    {
        "start_step": 12,
        "end_step": 24,
        "start_progress": 1.0,
        "end_progress": 10.0
    },
    {
        "start_step": 24,
        "end_step": 36,
        "start_progress": 10.0,
        "end_progress": 15.0
    },
    {
        "start_step": 36,
        "end_step": 48,
        "start_progress": 15.0,
        "end_progress": 19.0
    },
    {
        "start_step": 48,
        "end_step": 60,
        "start_progress": 19.0,
        "end_progress": 25.0
    },
    {
        "start_step": 60,
        "end_step": 72,
        "start_progress": 25.0,
        "end_progress": 50.0
    },
    {
        "start_step": 72,
        "end_step": 84,
        "start_progress": 50.0,
        "end_progress": 60.0
    },
    {
        "start_step": 84,
        "end_step": 96,
        "start_progress": 60.0,
        "end_progress": 70.0
    },
    {
        "start_step": 96,
        "end_step": 108,
        "start_progress": 70.0,
        "end_progress": 80.0
    },
    {
        "start_step": 108,
        "end_step": 120,
        "start_progress": 80.0,
        "end_progress": 90.0
    },
    {
        "start_step": 120,
        "end_step": 132,
        "start_progress": 90.0,
        "end_progress": 100.0
    }
]