[
    {
        "start_step": 0,
        "end_step": 11,
        "start_progress": 0,
        "end_progress": 5.0
    },
    {
        "start_step": 11,
        "end_step": 23,
        "start_progress": 5.0,
        "end_progress": 15.0
    },
    {
        "start_step": 23,
        "end_step": 35,
        "start_progress": 15.0,
        "end_progress": 10.0
    },
    {
        "start_step": 35,
        "end_step": 47,
        "start_progress": 10.0,
        "end_progress": 15.0
    },
    {
        "start_step": 47,
        "end_step": 59,
        "start_progress": 15.0,
        "end_progress": 25.0
    },
    {
        "start_step": 59,
        "end_step": 71,
        "start_progress": 25.0,
        "end_progress": 30.0
    },
    {
        "start_step": 71,
        "end_step": 83,
        "start_progress": 30.0,
        "end_progress": 60.0
    },
    {
        "start_step": 83,
        "end_step": 95,
        "start_progress": 60.0,
        "end_progress": 70.0
    },
    {
        "start_step": 95,
        "end_step": 107,
        "start_progress": 70.0,
        "end_progress": 80.0
    },
    {
        "start_step": 107,
        "end_step": 119,
        "start_progress": 80.0,
        "end_progress": 90.0
    },
    {
        "start_step": 119,
        "end_step": 130,
        "start_progress": 90.0,
        "end_progress": 100.0
    }
]