[
    {
        "start_step": 0,
        "end_step": 21,
        "start_progress": 0,
        "end_progress": 5.0
    },
    {
        "start_step": 21,
        "end_step": 42,
        "start_progress": 5.0,
        "end_progress": 5.0
    },
    {
        "start_step": 42,
        "end_step": 63,
        "start_progress": 5.0,
        "end_progress": 10.0
    },
    {
        "start_step": 63,
        "end_step": 84,
        "start_progress": 10.0,
        "end_progress": 15.0
    },
    {
        "start_step": 84,
        "end_step": 105,
        "start_progress": 15.0,
        "end_progress": 20.0
    },
    {
        "start_step": 105,
        "end_step": 127,
        "start_progress": 20.0,
        "end_progress": 20.0
    },
    {
        "start_step": 127,
        "end_step": 148,
        "start_progress": 20.0,
        "end_progress": 40.0
    },
    {
        "start_step": 148,
        "end_step": 169,
        "start_progress": 40.0,
        "end_progress": 60.0
    },
    {
        "start_step": 169,
        "end_step": 190,
        "start_progress": 60.0,
        "end_progress": 70.0
    },
    {
        "start_step": 190,
        "end_step": 211,
        "start_progress": 70.0,
        "end_progress": 80.0
    },
    {
        "start_step": 211,
        "end_step": 232,
        "start_progress": 80.0,
        "end_progress": 100.0
    }
]