[
    {
        "start_step": 0,
        "end_step": 20,
        "start_progress": 0,
        "end_progress": 5.0
    },
    {
        "start_step": 20,
        "end_step": 40,
        "start_progress": 5.0,
        "end_progress": 10.0
    },
    {
        "start_step": 40,
        "end_step": 61,
        "start_progress": 10.0,
        "end_progress": 20.0
    },
    {
        "start_step": 61,
        "end_step": 81,
        "start_progress": 20.0,
        "end_progress": 20.0
    },
    {
        "start_step": 81,
        "end_step": 102,
        "start_progress": 20.0,
        "end_progress": 15.0
    },
    {
        "start_step": 102,
        "end_step": 122,
        "start_progress": 15.0,
        "end_progress": 15.0
    },
    {
        "start_step": 122,
        "end_step": 143,
        "start_progress": 15.0,
        "end_progress": 30.0
    },
    {
        "start_step": 143,
        "end_step": 163,
        "start_progress": 30.0,
        "end_progress": 40.0
    },
    {
        "start_step": 163,
        "end_step": 184,
        "start_progress": 40.0,
        "end_progress": 50.0
    },
    {
        "start_step": 184,
        "end_step": 204,
        "start_progress": 50.0,
        "end_progress": 60.0
    },
    {
        "start_step": 204,
        "end_step": 224,
        "start_progress": 60.0,
        "end_progress": 100.0
    }
]