[
    {
        "start_step": 0,
        "end_step": 16,
        "start_progress": 0,
        "end_progress": 2.0
    },
    {
        "start_step": 16,
        "end_step": 32,
        "start_progress": 2.0,
        "end_progress": 10.0
    },
    {
        "start_step": 32,
        "end_step": 49,
        "start_progress": 10.0,
        "end_progress": 15.0
    },
    {
        "start_step": 49,
        "end_step": 65,
        "start_progress": 15.0,
        "end_progress": 20.0
    },
    {
        "start_step": 65,
        "end_step": 82,
        "start_progress": 20.0,
        "end_progress": 30.0
    },
    {
        "start_step": 82,
        "end_step": 98,
        "start_progress": 30.0,
        "end_progress": 40.0
    },
    {
        "start_step": 98,
        "end_step": 115,
        "start_progress": 40.0,
        "end_progress": 55.0
    },
    {
        "start_step": 115,
        "end_step": 131,
        "start_progress": 55.0,
        "end_progress": 60.0
    },
    {
        "start_step": 131,
        "end_step": 148,
        "start_progress": 60.0,
        "end_progress": 75.0
    },
    {
        "start_step": 148,
        "end_step": 164,
        "start_progress": 75.0,
        "end_progress": 90.0
    },
    {
        "start_step": 164,
        "end_step": 180,
        "start_progress": 90.0,
        "end_progress": 100.0
    }
]