[
    {
        "start_step": 0,
        "end_step": 10,
        "start_progress": 0,
        "end_progress": 10.0
    },
    {
        "start_step": 10,
        "end_step": 21,
        "start_progress": 10.0,
        "end_progress": 15.0
    },
    {
        "start_step": 21,
        "end_step": 32,
        "start_progress": 15.0,
        "end_progress": 25.0
    },
    {
        "start_step": 32,
        "end_step": 42,
        "start_progress": 25.0,
        "end_progress": 30.0
    },
    {
        "start_step": 42,
        "end_step": 53,
        "start_progress": 30.0,
        "end_progress": 35.0
    },
    {
        "start_step": 53,
        "end_step": 64,
        "start_progress": 35.0,
        "end_progress": 50.0
    },
    {
        "start_step": 64,
        "end_step": 75,
        "start_progress": 50.0,
        "end_progress": 60.0
    },
    {
        "start_step": 75,
        "end_step": 85,
        "start_progress": 60.0,
        "end_progress": 70.0
    },
    {
        "start_step": 85,
        "end_step": 96,
        "start_progress": 70.0,
        "end_progress": 80.0
    },
    {
        "start_step": 96,
        "end_step": 107,
        "start_progress": 80.0,
        "end_progress": 90.0
    },
    {
        "start_step": 107,
        "end_step": 117,
        "start_progress": 90.0,
        "end_progress": 100.0
    }
]